{
  "Link Color" : {
    "Red Component" : 0.24144099652767181,
    "Color Space" : "Calibrated",
    "Blue Component" : 0.82339191436767578,
    "Alpha Component" : 1,
    "Green Component" : 0.6027643084526062
  },
  "Tags" : [

  ],
  "Ansi 12 Color" : {
    "Red Component" : 0.28794747591018677,
    "Color Space" : "Calibrated",
    "Blue Component" : 0.99877303838729858,
    "Alpha Component" : 1,
    "Green Component" : 0.72887319326400757
  },
  "Ansi 7 Color" : {
    "Red Component" : 0.93123704195022583,
    "Color Space" : "Calibrated",
    "Blue Component" : 0.92636489868164062,
    "Alpha Component" : 1,
    "Green Component" : 0.93136489391326904
  },
  "Ansi 8 Color" : {
    "Red Component" : 0.33335760235786438,
    "Color Space" : "Calibrated",
    "Blue Component" : 0.33335328102111816,
    "Alpha Component" : 1,
    "Green Component" : 0.3333476185798645
  },
  "Bold Color" : {
    "Red Component" : 0.96355170011520386,
    "Color Space" : "Calibrated",
    "Blue Component" : 0.96353918313980103,
    "Alpha Component" : 1,
    "Green Component" : 0.96352285146713257
  },
  "Ansi 9 Color" : {
    "Red Component" : 0.98747438192367554,
    "Color Space" : "Calibrated",
    "Blue Component" : 0.27334880828857422,
    "Alpha Component" : 1,
    "Green Component" : 0.26170071959495544
  },
  "Ansi 0 Color" : {
    "Red Component" : 0,
    "Color Space" : "Calibrated",
    "Blue Component" : 0,
    "Alpha Component" : 1,
    "Green Component" : 0
  },
  "Guid" : "E6321F9C-FA30-4DDC-8FB4-EDB19D853029",
  "Rows" : 25,
  "Default Bookmark" : "No",
  "Cursor Guide Color" : {
    "Red Component" : 0.64999997615814209,
    "Color Space" : "Calibrated",
    "Blue Component" : 1,
    "Alpha Component" : 0.25,
    "Green Component" : 0.9100000262260437
  },
  "Non-ASCII Anti Aliased" : true,
  "Use Bright Bold" : true,
  "Ansi 10 Color" : {
    "Red Component" : 0.31426474452018738,
    "Color Space" : "Calibrated",
    "Blue Component" : 0.48438894748687744,
    "Alpha Component" : 1,
    "Green Component" : 0.98277664184570312
  },
  "Ambiguous Double Width" : false,
  "Jobs to Ignore" : [
    "rlogin",
    "ssh",
    "slogin",
    "telnet"
  ],
  "Ansi 15 Color" : {
    "Red Component" : 0.93123704195022583,
    "Color Space" : "Calibrated",
    "Blue Component" : 0.92636489868164062,
    "Alpha Component" : 1,
    "Green Component" : 0.93136489391326904
  },
  "Foreground Color" : {
    "Red Component" : 0.9216761589050293,
    "Color Space" : "Calibrated",
    "Blue Component" : 0.90218889713287354,
    "Alpha Component" : 1,
    "Green Component" : 0.92725068330764771
  },
  "Bound Hosts" : [

  ],
  "Blinking Cursor" : false,
  "Disable Window Resizing" : true,
  "Sync Title" : false,
  "Prompt Before Closing 2" : false,
  "BM Growl" : true,
  "Command" : "",
  "Description" : "Default",
  "Mouse Reporting" : true,
  "Screen" : -1,
  "Selection Color" : {
    "Red Component" : 0.50582021474838257,
    "Color Space" : "Calibrated",
    "Blue Component" : 0.77537858486175537,
    "Alpha Component" : 1,
    "Green Component" : 0.68074733018875122
  },
  "Columns" : 80,
  "Idle Code" : 0,
  "Ansi 13 Color" : {
    "Red Component" : 0.98751437664031982,
    "Color Space" : "Calibrated",
    "Blue Component" : 0.70531737804412842,
    "Alpha Component" : 1,
    "Green Component" : 0.29879066348075867
  },
  "Custom Command" : "No",
  "ASCII Anti Aliased" : true,
  "Non Ascii Font" : "Monaco 12",
  "Vertical Spacing" : 1,
  "Use Bold Font" : true,
  "Option Key Sends" : 0,
  "Selected Text Color" : {
    "Red Component" : 0,
    "Color Space" : "Calibrated",
    "Blue Component" : 0,
    "Alpha Component" : 1,
    "Green Component" : 0
  },
  "Background Color" : {
    "Red Component" : 0.1176580935716629,
    "Color Space" : "Calibrated",
    "Blue Component" : 0.15977835655212402,
    "Alpha Component" : 1,
    "Green Component" : 0.12215268611907959
  },
  "Character Encoding" : 4,
  "Ansi 11 Color" : {
    "Red Component" : 0.9424901008605957,
    "Color Space" : "Calibrated",
    "Blue Component" : 0.54832202196121216,
    "Alpha Component" : 1,
    "Green Component" : 0.98275065422058105
  },
  "Use Italic Font" : true,
  "Unlimited Scrollback" : false,
  "Keyboard Map" : {
    "0xf700-0x260000" : {
      "Action" : 10,
      "Text" : "[1;6A"
    },
    "0x37-0x40000" : {
      "Action" : 11,
      "Text" : "0x1f"
    },
    "0x32-0x40000" : {
      "Action" : 11,
      "Text" : "0x00"
    },
    "0xf709-0x20000" : {
      "Action" : 10,
      "Text" : "[17;2~"
    },
    "0xf70c-0x20000" : {
      "Action" : 10,
      "Text" : "[20;2~"
    },
    "0xf729-0x20000" : {
      "Action" : 10,
      "Text" : "[1;2H"
    },
    "0xf72b-0x40000" : {
      "Action" : 10,
      "Text" : "[1;5F"
    },
    "0xf705-0x20000" : {
      "Action" : 10,
      "Text" : "[1;2Q"
    },
    "0xf703-0x260000" : {
      "Action" : 10,
      "Text" : "[1;6C"
    },
    "0xf700-0x220000" : {
      "Action" : 10,
      "Text" : "[1;2A"
    },
    "0x38-0x40000" : {
      "Action" : 11,
      "Text" : "0x7f"
    },
    "0x33-0x40000" : {
      "Action" : 11,
      "Text" : "0x1b"
    },
    "0xf703-0x220000" : {
      "Action" : 10,
      "Text" : "[1;2C"
    },
    "0xf701-0x240000" : {
      "Action" : 10,
      "Text" : "[1;5B"
    },
    "0xf70d-0x20000" : {
      "Action" : 10,
      "Text" : "[21;2~"
    },
    "0xf702-0x260000" : {
      "Action" : 10,
      "Text" : "[1;6D"
    },
    "0xf729-0x40000" : {
      "Action" : 10,
      "Text" : "[1;5H"
    },
    "0xf706-0x20000" : {
      "Action" : 10,
      "Text" : "[1;2R"
    },
    "0x34-0x40000" : {
      "Action" : 11,
      "Text" : "0x1c"
    },
    "0x2d-0x40000" : {
      "Action" : 11,
      "Text" : "0x1f"
    },
    "0xf70e-0x20000" : {
      "Action" : 10,
      "Text" : "[23;2~"
    },
    "0xf702-0x220000" : {
      "Text" : "[1;2D",
      "Action" : 10
    },
    "0xf707-0x20000" : {
      "Action" : 10,
      "Text" : "[1;2S"
    },
    "0xf700-0x240000" : {
      "Action" : 10,
      "Text" : "[1;5A"
    },
    "0xf70a-0x20000" : {
      "Action" : 10,
      "Text" : "[18;2~"
    },
    "0x35-0x40000" : {
      "Action" : 11,
      "Text" : "0x1d"
    },
    "0xf70f-0x20000" : {
      "Action" : 10,
      "Text" : "[24;2~"
    },
    "0xf703-0x240000" : {
      "Action" : 10,
      "Text" : "[1;5C"
    },
    "0xf701-0x260000" : {
      "Action" : 10,
      "Text" : "[1;6B"
    },
    "0xf72b-0x20000" : {
      "Action" : 10,
      "Text" : "[1;2F"
    },
    "0x36-0x40000" : {
      "Action" : 11,
      "Text" : "0x1e"
    },
    "0xf708-0x20000" : {
      "Action" : 10,
      "Text" : "[15;2~"
    },
    "0xf701-0x220000" : {
      "Action" : 10,
      "Text" : "[1;2B"
    },
    "0xf70b-0x20000" : {
      "Action" : 10,
      "Text" : "[19;2~"
    },
    "0xf702-0x240000" : {
      "Action" : 10,
      "Text" : "[1;5D"
    },
    "0xf704-0x20000" : {
      "Action" : 10,
      "Text" : "[1;2P"
    }
  },
  "Window Type" : 12,
  "Background Image Location" : "",
  "Blur" : false,
  "Badge Color" : {
    "Red Component" : 1,
    "Color Space" : "Calibrated",
    "Blue Component" : 0,
    "Alpha Component" : 0.5,
    "Green Component" : 0
  },
  "Scrollback Lines" : 1000,
  "Send Code When Idle" : false,
  "Close Sessions On End" : true,
  "Terminal Type" : "xterm-256color",
  "Visual Bell" : true,
  "Flashing Bell" : false,
  "Silence Bell" : false,
  "Ansi 14 Color" : {
    "Red Component" : 0.54558646678924561,
    "Color Space" : "Calibrated",
    "Blue Component" : 0.9942852258682251,
    "Alpha Component" : 1,
    "Green Component" : 0.91508829593658447
  },
  "Name" : "Snazzy",
  "Cursor Text Color" : {
    "Red Component" : 0.1176580935716629,
    "Color Space" : "Calibrated",
    "Blue Component" : 0.15977835655212402,
    "Alpha Component" : 1,
    "Green Component" : 0.12215268611907959
  },
  "Shortcut" : "",
  "Cursor Color" : {
    "Red Component" : 0.89585232734680176,