{
  "Ansi 1 Color" : {
    "Red Component" : 0.86274509803921573,
    "Color Space" : "sRGB",
    "Blue Component" : 0.18431372549019609,
    "Alpha Component" : 1,
    "Green Component" : 0.19607843137254902
  },
  "Tags" : [

  ],
  "Ansi 12 Color" : {
    "Red Component" : 0.14901960784313725,
    "Color Space" : "sRGB",
    "Blue Component" : 0.76078431372549016,
    "Alpha Component" : 1,
    "Green Component" : 0.54509803921568623
  },
  "Normal Font" : "Monaco 12",
  "Ansi 2 Color" : {
    "Red Component" : 0.52156862745098043,
    "Color Space" : "sRGB",
    "Blue Component" : 0.0039215686274509803,
    "Alpha Component" : 1,
    "Green Component" : 0.59999999999999998
  },
  "Bold Color" : {
    "Red Component" : 0.57647058823529407,
    "Color Space" : "sRGB",
    "Blue Component" : 0.63137254901960782,
    "Alpha Component" : 1,
    "Green Component" : 0.63137254901960782
  },
  "Horizontal Spacing" : 1,
  "Ansi 4 Color" : {
    "Red Component" : 0.14901960784313725,
    "Color Space" : "sRGB",
    "Blue Component" : 0.82352941176470584,
    "Alpha Component" : 1,
    "Green Component" : 0.54509803921568623
  },
  "Rows" : 25,
  "Default Bookmark" : "No",
  "Non-ASCII Anti Aliased" : true,
  "Use Bright Bold" : true,
  "Ansi 10 Color" : {
    "Red Component" : 0.52156862745098043,
    "Color Space" : "sRGB",
    "Blue Component" : 0.0039215686274509803,
    "Alpha Component" : 1,
    "Green Component" : 0.59999999999999998
  },
  "Ambiguous Double Width" : false,
  "Jobs to Ignore" : [
    "rlogin",
    "ssh",
    "slogin",
    "telnet"
  ],
  "Show Status Bar" : false,
  "Ansi 15 Color" : {
    "Red Component" : 0.99215686274509807,
    "Color Space" : "sRGB",
    "Blue Component" : 0.8901960784313725,
    "Alpha Component" : 1,
    "Green Component" : 0.96470588235294119
  },
  "Foreground Color" : {
    "Red Component" : 0.51372549019607838,
    "Color Space" : "sRGB",
    "Blue Component" : 0.58823529411764708,
    "Alpha Component" : 1,
    "Green Component" : 0.58039215686274515
  },
  "Working Directory" : "\/Users\/jannik",
  "Blinking Cursor" : false,
  "Disable Window Resizing" : true,
  "Sync Title" : false,
  "Prompt Before Closing 2" : false,
  "BM Growl" : true,
  "Command" : "",
  "Description" : "Default",
  "Mouse Reporting" : true,
  "Screen" : -1,
  "Selection Color" : {
    "Red Component" : 0,
    "Color Space" : "sRGB",
    "Blue Component" : 0.25490196078431371,
    "Alpha Component" : 1,
    "Green Component" : 0.20784313725490197
  },
  "Columns" : 80,
  "Idle Code" : 0,
  "Ansi 13 Color" : {
    "Red Component" : 0.82745098039215681,
    "Color Space" : "sRGB",
    "Blue Component" : 0.50980392156862742,
    "Alpha Component" : 1,
    "Green Component" : 0.21176470588235294
  },
  "Custom Command" : "No",
  "ASCII Anti Aliased" : true,
  "Non Ascii Font" : "Monaco 12",
  "Vertical Spacing" : 1,
  "Use Bold Font" : true,
  "Option Key Sends" : 0,
  "Selected Text Color" : {
    "Red Component" : 0.57647058823529407,
    "Color Space" : "sRGB",
    "Blue Component" : 0.63137254901960782,
    "Alpha Component" : 1,
    "Green Component" : 0.63137254901960782
  },
  "Background Color" : {
    "Green Component" : 0,
    "Red Component" : 0,
    "Blue Component" : 0
  },
  "Character Encoding" : 4,
  "Ansi 11 Color" : {
    "Red Component" : 0.70980392156862748,
    "Color Space" : "sRGB",
    "Blue Component" : 0.0039215686274509803,
    "Alpha Component" : 1,
    "Green Component" : 0.53725490196078429
  },
  "Use Italic Font" : true,
  "Unlimited Scrollback" : false,
  "Keyboard Map" : {
    "0xf700-0x260000" : {
      "Text" : "[1;6A",
      "Action" : 10
    },
    "0x37-0x40000" : {
      "Text" : "0x1f",
      "Action" : 11
    },
    "0x32-0x40000" : {
      "Text" : "0x00",
      "Action" : 11
    },
    "0xf709-0x20000" : {
      "Text" : "[17;2~",
      "Action" : 10
    },
    "0xf70c-0x20000" : {
      "Text" : "[20;2~",
      "Action" : 10
    },
    "0xf729-0x20000" : {
      "Text" : "[1;2H",
      "Action" : 10
    },
    "0xf72b-0x40000" : {
      "Text" : "[1;5F",
      "Action" : 10
    },
    "0xf705-0x20000" : {
      "Text" : "[1;2Q",
      "Action" : 10
    },
    "0xf703-0x260000" : {
      "Text" : "[1;6C",
      "Action" : 10
    },
    "0xf700-0x220000" : {
      "Text" : "[1;2A",
      "Action" : 10
    },
    "0x38-0x40000" : {
      "Text" : "0x7f",
      "Action" : 11
    },
    "0x33-0x40000" : {
      "Text" : "0x1b",
      "Action" : 11
    },
    "0xf703-0x220000" : {
      "Text" : "[1;2C",
      "Action" : 10
    },
    "0xf701-0x240000" : {
      "Text" : "[1;5B",
      "Action" : 10
    },
    "0xf70d-0x20000" : {
      "Text" : "[21;2~",
      "Action" : 10
    },
    "0xf702-0x260000" : {
      "Text" : "[1;6D",
      "Action" : 10
    },
    "0xf729-0x40000" : {
      "Text" : "[1;5H",
      "Action" : 10
    },
    "0xf706-0x20000" : {
      "Text" : "[1;2R",
      "Action" : 10
    },
    "0x34-0x40000" : {
      "Text" : "0x1c",
      "Action" : 11
    },
    "0x2d-0x40000" : {
      "Text" : "0x1f",
      "Action" : 11
    },
    "0xf70e-0x20000" : {
      "Text" : "[23;2~",
      "Action" : 10
    },
    "0xf702-0x220000" : {
      "Action" : 10,
      "Text" : "[1;2D"
    },
    "0xf707-0x20000" : {
      "Text" : "[1;2S",
      "Action" : 10
    },
    "0xf700-0x240000" : {
      "Text" : "[1;5A",
      "Action" : 10
    },
    "0xf70a-0x20000" : {
      "Text" : "[18;2~",
      "Action" : 10
    },
    "0x35-0x40000" : {
      "Text" : "0x1d",
      "Action" : 11
    },
    "0xf70f-0x20000" : {
      "Text" : "[24;2~",
      "Action" : 10
    },
    "0xf703-0x240000" : {
      "Text" : "[1;5C",
      "Action" : 10
    },
    "0xf701-0x260000" : {
      "Text" : "[1;6B",
      "Action" : 10
    },
    "0xf72b-0x20000" : {
      "Text" : "[1;2F",
      "Action" : 10
    },
    "0x36-0x40000" : {
      "Text" : "0x1e",
      "Action" : 11
    },
    "0xf708-0x20000" : {
      "Text" : "[15;2~",
      "Action" : 10
    },
    "0xf701-0x220000" : {
      "Text" : "[1;2B",
      "Action" : 10
    },
    "0xf70b-0x20000" : {
      "Text" : "[19;2~",
      "Action" : 10
    },
    "0xf702-0x240000" : {
      "Text" : "[1;5D",
      "Action" : 10
    },
    "0xf704-0x20000" : {
      "Text" : "[1;2P",
      "Action" : 10
    }
  },
  "Window Type" : 12,
  "Background Image Location" : "",
  "Blur" : false,
  "Scrollback Lines" : 1000,
  "Send Code When Idle" : false,
  "Close Sessions On End" : true,
  "Terminal Type" : "xterm-256color",
  "Visual Bell" : true,
  "Flashing Bell" : false,
  "Silence Bell" : false,
  "Ansi 14 Color" : {
    "Red Component" : 0.57647058823529407,
    "Color Space" : "sRGB",
    "Blue Component" : 0.63137254901960782,
    "Alpha Component" : 1,
    "Green Component" : 0.63137254901960782
  },
  "Name" : "Default",
  "Cursor Text Color" : {
    "Red Component" : 0,
    "Color Space" : "sRGB",
    "Blue Component" : 0.25490196078431371,
    "Alpha Component" : 1,
    "Green Component" : 0.20784313725490197
  },
  "Shortcut" : "",
  "Cursor Color" : {
    "Green Component" : 0.73333334922790527,
    "Red Component" : 0.73333334922790527,
    "Blue Component" : 0.73333334922790527
  },
  "Ansi 0 Color" : {
    "Green Component" : 0,
    "Red Component" : 0,
    "Blue Component" : 0
  },
  "Guid" : "47C0EF2C-426C-4109-A9B2-6FD8E953A65C",
  "Custom Directory" : "No",
  "Ansi 3 Color" : {
    "Red Component" : 0.70980392156862748,
    "Color Space" : "sRGB",
    "Blue Component" : 0.0039215686274509803,
    "Alpha Component" : 1,
    "Green Component" : 0.53725490196078429
  },
  "Transparency" : 0,
  "Right Option Key Sends" : 0,
  "Ansi 6 Color" : {
    "Red Component" : 0.16470588235294117,
    "Color Space" : "sRGB",
    "Blue Component" : 0.59607843137254901,
    "Alpha Component" : 1,
    "Green Component" : 0.63137254901960782
  },
  "Ansi 7 Color" : {
    "Red Component" : 0.93333333333333335,
    "Color Space" : "sRGB",